ATL03_20220501042951_05971503_007_01.h5,geojsons/simplified_GRE_2000_SW.geojson,GrIS_2022_simplified_GRE_2000_SW,geojsons/GRE_2000_SW.geojson
ATL03_20220501171445_06051505_007_01.h5,geojsons/simplified_GRE_2000_SW.geojson,GrIS_2022_simplified_GRE_2000_SW,geojsons/GRE_2000_SW.geojson
ATL03_20220502164904_06201505_007_01.h5,geojsons/simplified_GRE_2000_SW.geojson,GrIS_2022_simplified_GRE_2000_SW,geojsons/GRE_2000_SW.geojson
ATL03_20220505042131_06581503_007_01.h5,geojsons/simplified_GRE_2000_SW.geojson,GrIS_2022_simplified_GRE_2000_SW,geojsons/GRE_2000_SW.geojson
ATL03_20220505170624_06661505_007_01.h5,geojsons/simplified_GRE_2000_SW.geojson,GrIS_2022_simplified_GRE_2000_SW,geojsons/GRE_2000_SW.geojson
ATL03_20220506164046_06811505_007_01.h5,geojsons/simplified_GRE_2000_SW.geojson,GrIS_2022_simplified_GRE_2000_SW,geojsons/GRE_2000_SW.geojson
ATL03_20220509041310_07191503_007_01.h5,geojsons/simplified_GRE_2000_SW.geojson,GrIS_2022_simplified_GRE_2000_SW,geojsons/GRE_2000_SW.geojson
ATL03_20220509165802_07271505_007_01.h5,geojsons/simplified_GRE_2000_SW.geojson,GrIS_2022_simplified_GRE_2000_SW,geojsons/GRE_2000_SW.geojson
ATL03_20220510163230_07421505_007_01.h5,geojsons/simplified_GRE_2000_SW.geojson,GrIS_2022_simplified_GRE_2000_SW,geojsons/GRE_2000_SW.geojson
ATL03_20220513040457_07801503_007_01.h5,geojsons/simplified_GRE_2000_SW.geojson,GrIS_2022_simplified_GRE_2000_SW,geojsons/GRE_2000_SW.geojson
ATL03_20220517035636_08411503_007_01.h5,geojsons/simplified_GRE_2000_SW.geojson,GrIS_2022_simplified_GRE_2000_SW,geojsons/GRE_2000_SW.geojson
ATL03_20220518161550_08641505_007_01.h5,geojsons/simplified_GRE_2000_SW.geojson,GrIS_2022_simplified_GRE_2000_SW,geojsons/GRE_2000_SW.geojson
ATL03_20220521034812_09021503_007_01.h5,geojsons/simplified_GRE_2000_SW.geojson,GrIS_2022_simplified_GRE_2000_SW,geojsons/GRE_2000_SW.geojson
ATL03_20220522160725_09251505_007_01.h5,geojsons/simplified_GRE_2000_SW.geojson,GrIS_2022_simplified_GRE_2000_SW,geojsons/GRE_2000_SW.geojson
ATL03_20220525033953_09631503_007_01.h5,geojsons/simplified_GRE_2000_SW.geojson,GrIS_2022_simplified_GRE_2000_SW,geojsons/GRE_2000_SW.geojson
ATL03_20220526155907_09861505_007_01.h5,geojsons/simplified_GRE_2000_SW.geojson,GrIS_2022_simplified_GRE_2000_SW,geojsons/GRE_2000_SW.geojson
ATL03_20220529033139_10241503_007_01.h5,geojsons/simplified_GRE_2000_SW.geojson,GrIS_2022_simplified_GRE_2000_SW,geojsons/GRE_2000_SW.geojson
ATL03_20220530030601_10391503_007_01.h5,geojsons/simplified_GRE_2000_SW.geojson,GrIS_2022_simplified_GRE_2000_SW,geojsons/GRE_2000_SW.geojson
ATL03_20220530155054_10471505_007_01.h5,geojsons/simplified_GRE_2000_SW.geojson,GrIS_2022_simplified_GRE_2000_SW,geojsons/GRE_2000_SW.geojson
ATL03_20220531152516_10621505_007_01.h5,geojsons/simplified_GRE_2000_SW.geojson,GrIS_2022_simplified_GRE_2000_SW,geojsons/GRE_2000_SW.geojson
ATL03_20220603025742_11001503_007_01.h5,geojsons/simplified_GRE_2000_SW.geojson,GrIS_2022_simplified_GRE_2000_SW,geojsons/GRE_2000_SW.geojson
ATL03_20220603154233_11081505_007_01.h5,geojsons/simplified_GRE_2000_SW.geojson,GrIS_2022_simplified_GRE_2000_SW,geojsons/GRE_2000_SW.geojson
ATL03_20220604151654_11231505_007_01.h5,geojsons/simplified_GRE_2000_SW.geojson,GrIS_2022_simplified_GRE_2000_SW,geojsons/GRE_2000_SW.geojson
ATL03_20220607024921_11611503_007_01.h5,geojsons/simplified_GRE_2000_SW.geojson,GrIS_2022_simplified_GRE_2000_SW,geojsons/GRE_2000_SW.geojson
ATL03_20220607153415_11691505_007_01.h5,geojsons/simplified_GRE_2000_SW.geojson,GrIS_2022_simplified_GRE_2000_SW,geojsons/GRE_2000_SW.geojson
ATL03_20220608150833_11841505_007_01.h5,geojsons/simplified_GRE_2000_SW.geojson,GrIS_2022_simplified_GRE_2000_SW,geojsons/GRE_2000_SW.geojson
ATL03_20220611024058_12221503_007_01.h5,geojsons/simplified_GRE_2000_SW.geojson,GrIS_2022_simplified_GRE_2000_SW,geojsons/GRE_2000_SW.geojson
ATL03_20220611152552_12301505_007_01.h5,geojsons/simplified_GRE_2000_SW.geojson,GrIS_2022_simplified_GRE_2000_SW,geojsons/GRE_2000_SW.geojson
ATL03_20220612150013_12451505_007_01.h5,geojsons/simplified_GRE_2000_SW.geojson,GrIS_2022_simplified_GRE_2000_SW,geojsons/GRE_2000_SW.geojson
ATL03_20220615023239_12831503_007_01.h5,geojsons/simplified_GRE_2000_SW.geojson,GrIS_2022_simplified_GRE_2000_SW,geojsons/GRE_2000_SW.geojson
ATL03_20220616145156_13061505_007_01.h5,geojsons/simplified_GRE_2000_SW.geojson,GrIS_2022_simplified_GRE_2000_SW,geojsons/GRE_2000_SW.geojson
ATL03_20220619022422_13441503_007_01.h5,geojsons/simplified_GRE_2000_SW.geojson,GrIS_2022_simplified_GRE_2000_SW,geojsons/GRE_2000_SW.geojson
ATL03_20220620144339_13671505_007_01.h5,geojsons/simplified_GRE_2000_SW.geojson,GrIS_2022_simplified_GRE_2000_SW,geojsons/GRE_2000_SW.geojson
ATL03_20220623021609_00181603_007_01.h5,geojsons/simplified_GRE_2000_SW.geojson,GrIS_2022_simplified_GRE_2000_SW,geojsons/GRE_2000_SW.geojson
ATL03_20220624143518_00411605_007_01.h5,geojsons/simplified_GRE_2000_SW.geojson,GrIS_2022_simplified_GRE_2000_SW,geojsons/GRE_2000_SW.geojson
ATL03_20220627020745_00791603_007_01.h5,geojsons/simplified_GRE_2000_SW.geojson,GrIS_2022_simplified_GRE_2000_SW,geojsons/GRE_2000_SW.geojson
ATL03_20220628014206_00941603_007_01.h5,geojsons/simplified_GRE_2000_SW.geojson,GrIS_2022_simplified_GRE_2000_SW,geojsons/GRE_2000_SW.geojson
ATL03_20220628142659_01021605_007_01.h5,geojsons/simplified_GRE_2000_SW.geojson,GrIS_2022_simplified_GRE_2000_SW,geojsons/GRE_2000_SW.geojson
ATL03_20220629140122_01171605_007_01.h5,geojsons/simplified_GRE_2000_SW.geojson,GrIS_2022_simplified_GRE_2000_SW,geojsons/GRE_2000_SW.geojson
ATL03_20220702013345_01551603_007_01.h5,geojsons/simplified_GRE_2000_SW.geojson,GrIS_2022_simplified_GRE_2000_SW,geojsons/GRE_2000_SW.geojson
ATL03_20220702141839_01631605_007_01.h5,geojsons/simplified_GRE_2000_SW.geojson,GrIS_2022_simplified_GRE_2000_SW,geojsons/GRE_2000_SW.geojson
ATL03_20220703135301_01781605_007_01.h5,geojsons/simplified_GRE_2000_SW.geojson,GrIS_2022_simplified_GRE_2000_SW,geojsons/GRE_2000_SW.geojson
ATL03_20220706012528_02161603_007_01.h5,geojsons/simplified_GRE_2000_SW.geojson,GrIS_2022_simplified_GRE_2000_SW,geojsons/GRE_2000_SW.geojson
ATL03_20220706141022_02241605_007_01.h5,geojsons/simplified_GRE_2000_SW.geojson,GrIS_2022_simplified_GRE_2000_SW,geojsons/GRE_2000_SW.geojson
ATL03_20220707134442_02391605_007_01.h5,geojsons/simplified_GRE_2000_SW.geojson,GrIS_2022_simplified_GRE_2000_SW,geojsons/GRE_2000_SW.geojson
ATL03_20220710011708_02771603_007_01.h5,geojsons/simplified_GRE_2000_SW.geojson,GrIS_2022_simplified_GRE_2000_SW,geojsons/GRE_2000_SW.geojson
ATL03_20220710140201_02851605_007_01.h5,geojsons/simplified_GRE_2000_SW.geojson,GrIS_2022_simplified_GRE_2000_SW,geojsons/GRE_2000_SW.geojson
ATL03_20220711133622_03001605_007_01.h5,geojsons/simplified_GRE_2000_SW.geojson,GrIS_2022_simplified_GRE_2000_SW,geojsons/GRE_2000_SW.geojson
ATL03_20220714010847_03381603_007_01.h5,geojsons/simplified_GRE_2000_SW.geojson,GrIS_2022_simplified_GRE_2000_SW,geojsons/GRE_2000_SW.geojson
ATL03_20220715132801_03611605_007_01.h5,geojsons/simplified_GRE_2000_SW.geojson,GrIS_2022_simplified_GRE_2000_SW,geojsons/GRE_2000_SW.geojson
ATL03_20220718010029_03991603_007_01.h5,geojsons/simplified_GRE_2000_SW.geojson,GrIS_2022_simplified_GRE_2000_SW,geojsons/GRE_2000_SW.geojson
ATL03_20220719131943_04221605_007_01.h5,geojsons/simplified_GRE_2000_SW.geojson,GrIS_2022_simplified_GRE_2000_SW,geojsons/GRE_2000_SW.geojson
ATL03_20220722005209_04601603_007_01.h5,geojsons/simplified_GRE_2000_SW.geojson,GrIS_2022_simplified_GRE_2000_SW,geojsons/GRE_2000_SW.geojson
ATL03_20220723131125_04831605_007_01.h5,geojsons/simplified_GRE_2000_SW.geojson,GrIS_2022_simplified_GRE_2000_SW,geojsons/GRE_2000_SW.geojson
ATL03_20220726004352_05211603_007_01.h5,geojsons/simplified_GRE_2000_SW.geojson,GrIS_2022_simplified_GRE_2000_SW,geojsons/GRE_2000_SW.geojson
ATL03_20220727001811_05361603_007_01.h5,geojsons/simplified_GRE_2000_SW.geojson,GrIS_2022_simplified_GRE_2000_SW,geojsons/GRE_2000_SW.geojson
ATL03_20220727130304_05441605_007_01.h5,geojsons/simplified_GRE_2000_SW.geojson,GrIS_2022_simplified_GRE_2000_SW,geojsons/GRE_2000_SW.geojson
ATL03_20220731000952_05971603_007_01.h5,geojsons/simplified_GRE_2000_SW.geojson,GrIS_2022_simplified_GRE_2000_SW,geojsons/GRE_2000_SW.geojson
ATL03_20220731125445_06051605_007_01.h5,geojsons/simplified_GRE_2000_SW.geojson,GrIS_2022_simplified_GRE_2000_SW,geojsons/GRE_2000_SW.geojson
ATL03_20220801122905_06201605_007_01.h5,geojsons/simplified_GRE_2000_SW.geojson,GrIS_2022_simplified_GRE_2000_SW,geojsons/GRE_2000_SW.geojson
ATL03_20220804000134_06581603_007_01.h5,geojsons/simplified_GRE_2000_SW.geojson,GrIS_2022_simplified_GRE_2000_SW,geojsons/GRE_2000_SW.geojson
ATL03_20220804124627_06661605_007_01.h5,geojsons/simplified_GRE_2000_SW.geojson,GrIS_2022_simplified_GRE_2000_SW,geojsons/GRE_2000_SW.geojson
ATL03_20220805122049_06811605_007_01.h5,geojsons/simplified_GRE_2000_SW.geojson,GrIS_2022_simplified_GRE_2000_SW,geojsons/GRE_2000_SW.geojson
ATL03_20220807235315_07191603_007_01.h5,geojsons/simplified_GRE_2000_SW.geojson,GrIS_2022_simplified_GRE_2000_SW,geojsons/GRE_2000_SW.geojson
ATL03_20220808123808_07271605_007_01.h5,geojsons/simplified_GRE_2000_SW.geojson,GrIS_2022_simplified_GRE_2000_SW,geojsons/GRE_2000_SW.geojson
ATL03_20220809121228_07421605_007_01.h5,geojsons/simplified_GRE_2000_SW.geojson,GrIS_2022_simplified_GRE_2000_SW,geojsons/GRE_2000_SW.geojson
ATL03_20220811234454_07801603_007_01.h5,geojsons/simplified_GRE_2000_SW.geojson,GrIS_2022_simplified_GRE_2000_SW,geojsons/GRE_2000_SW.geojson
ATL03_20220813120402_08031605_007_01.h5,geojsons/simplified_GRE_2000_SW.geojson,GrIS_2022_simplified_GRE_2000_SW,geojsons/GRE_2000_SW.geojson
ATL03_20220815233633_08411603_007_01.h5,geojsons/simplified_GRE_2000_SW.geojson,GrIS_2022_simplified_GRE_2000_SW,geojsons/GRE_2000_SW.geojson
ATL03_20220817115547_08641605_007_01.h5,geojsons/simplified_GRE_2000_SW.geojson,GrIS_2022_simplified_GRE_2000_SW,geojsons/GRE_2000_SW.geojson
ATL03_20220819232813_09021603_007_01.h5,geojsons/simplified_GRE_2000_SW.geojson,GrIS_2022_simplified_GRE_2000_SW,geojsons/GRE_2000_SW.geojson
ATL03_20220821114729_09251605_007_01.h5,geojsons/simplified_GRE_2000_SW.geojson,GrIS_2022_simplified_GRE_2000_SW,geojsons/GRE_2000_SW.geojson
ATL03_20220823231957_09631603_007_01.h5,geojsons/simplified_GRE_2000_SW.geojson,GrIS_2022_simplified_GRE_2000_SW,geojsons/GRE_2000_SW.geojson
ATL03_20220825113911_09861605_007_01.h5,geojsons/simplified_GRE_2000_SW.geojson,GrIS_2022_simplified_GRE_2000_SW,geojsons/GRE_2000_SW.geojson
ATL03_20220827231139_10241603_007_01.h5,geojsons/simplified_GRE_2000_SW.geojson,GrIS_2022_simplified_GRE_2000_SW,geojsons/GRE_2000_SW.geojson
ATL03_20220828224559_10391603_007_01.h5,geojsons/simplified_GRE_2000_SW.geojson,GrIS_2022_simplified_GRE_2000_SW,geojsons/GRE_2000_SW.geojson
ATL03_20220829113052_10471605_007_01.h5,geojsons/simplified_GRE_2000_SW.geojson,GrIS_2022_simplified_GRE_2000_SW,geojsons/GRE_2000_SW.geojson
ATL03_20220830110512_10621605_007_01.h5,geojsons/simplified_GRE_2000_SW.geojson,GrIS_2022_simplified_GRE_2000_SW,geojsons/GRE_2000_SW.geojson
ATL03_20220901223736_11001603_007_01.h5,geojsons/simplified_GRE_2000_SW.geojson,GrIS_2022_simplified_GRE_2000_SW,geojsons/GRE_2000_SW.geojson
ATL03_20220902112229_11081605_007_01.h5,geojsons/simplified_GRE_2000_SW.geojson,GrIS_2022_simplified_GRE_2000_SW,geojsons/GRE_2000_SW.geojson
ATL03_20220903105651_11231605_007_01.h5,geojsons/simplified_GRE_2000_SW.geojson,GrIS_2022_simplified_GRE_2000_SW,geojsons/GRE_2000_SW.geojson
ATL03_20220905222918_11611603_007_01.h5,geojsons/simplified_GRE_2000_SW.geojson,GrIS_2022_simplified_GRE_2000_SW,geojsons/GRE_2000_SW.geojson
ATL03_20220906111411_11691605_007_01.h5,geojsons/simplified_GRE_2000_SW.geojson,GrIS_2022_simplified_GRE_2000_SW,geojsons/GRE_2000_SW.geojson
ATL03_20220907104831_11841605_007_01.h5,geojsons/simplified_GRE_2000_SW.geojson,GrIS_2022_simplified_GRE_2000_SW,geojsons/GRE_2000_SW.geojson
ATL03_20220909222056_12221603_007_01.h5,geojsons/simplified_GRE_2000_SW.geojson,GrIS_2022_simplified_GRE_2000_SW,geojsons/GRE_2000_SW.geojson
ATL03_20220910110550_12301605_007_01.h5,geojsons/simplified_GRE_2000_SW.geojson,GrIS_2022_simplified_GRE_2000_SW,geojsons/GRE_2000_SW.geojson
ATL03_20220911104011_12451605_007_01.h5,geojsons/simplified_GRE_2000_SW.geojson,GrIS_2022_simplified_GRE_2000_SW,geojsons/GRE_2000_SW.geojson
ATL03_20220913221236_12831603_007_01.h5,geojsons/simplified_GRE_2000_SW.geojson,GrIS_2022_simplified_GRE_2000_SW,geojsons/GRE_2000_SW.geojson
ATL03_20220915103149_13061605_007_01.h5,geojsons/simplified_GRE_2000_SW.geojson,GrIS_2022_simplified_GRE_2000_SW,geojsons/GRE_2000_SW.geojson
ATL03_20220917220416_13441603_007_01.h5,geojsons/simplified_GRE_2000_SW.geojson,GrIS_2022_simplified_GRE_2000_SW,geojsons/GRE_2000_SW.geojson
ATL03_20220919102331_13671605_007_01.h5,geojsons/simplified_GRE_2000_SW.geojson,GrIS_2022_simplified_GRE_2000_SW,geojsons/GRE_2000_SW.geojson
ATL03_20220921215558_00181703_007_01.h5,geojsons/simplified_GRE_2000_SW.geojson,GrIS_2022_simplified_GRE_2000_SW,geojsons/GRE_2000_SW.geojson
ATL03_20220923101512_00411705_007_01.h5,geojsons/simplified_GRE_2000_SW.geojson,GrIS_2022_simplified_GRE_2000_SW,geojsons/GRE_2000_SW.geojson
ATL03_20220925214736_00791703_007_01.h5,geojsons/simplified_GRE_2000_SW.geojson,GrIS_2022_simplified_GRE_2000_SW,geojsons/GRE_2000_SW.geojson
ATL03_20220926212156_00941703_007_01.h5,geojsons/simplified_GRE_2000_SW.geojson,GrIS_2022_simplified_GRE_2000_SW,geojsons/GRE_2000_SW.geojson
ATL03_20220927100650_01021705_007_01.h5,geojsons/simplified_GRE_2000_SW.geojson,GrIS_2022_simplified_GRE_2000_SW,geojsons/GRE_2000_SW.geojson
ATL03_20220928094111_01171705_007_01.h5,geojsons/simplified_GRE_2000_SW.geojson,GrIS_2022_simplified_GRE_2000_SW,geojsons/GRE_2000_SW.geojson
ATL03_20220930211338_01551703_007_01.h5,geojsons/simplified_GRE_2000_SW.geojson,GrIS_2022_simplified_GRE_2000_SW,geojsons/GRE_2000_SW.geojson
