granule,geojson,description,geojson_clip,size_mb
ATL03_20220603025742_11001503_007_01.h5,geojsons/simplified_GRE_2000_SW.geojson,GrIS_2022_simplified_GRE_2000_SW,geojsons/GRE_2000_SW.geojson,1376.0
ATL03_20220603154233_11081505_007_01.h5,geojsons/simplified_GRE_2000_SW.geojson,GrIS_2022_simplified_GRE_2000_SW,geojsons/GRE_2000_SW.geojson,5736.0
ATL03_20220604151654_11231505_007_01.h5,geojsons/simplified_GRE_2000_SW.geojson,GrIS_2022_simplified_GRE_2000_SW,geojsons/GRE_2000_SW.geojson,4672.0
ATL03_20220607024921_11611503_007_01.h5,geojsons/simplified_GRE_2000_SW.geojson,GrIS_2022_simplified_GRE_2000_SW,geojsons/GRE_2000_SW.geojson,1448.0
ATL03_20220607153415_11691505_007_01.h5,geojsons/simplified_GRE_2000_SW.geojson,GrIS_2022_simplified_GRE_2000_SW,geojsons/GRE_2000_SW.geojson,7128.0
ATL03_20220608150833_11841505_007_01.h5,geojsons/simplified_GRE_2000_SW.geojson,GrIS_2022_simplified_GRE_2000_SW,geojsons/GRE_2000_SW.geojson,4376.0
ATL03_20220611024058_12221503_007_01.h5,geojsons/simplified_GRE_2000_SW.geojson,GrIS_2022_simplified_GRE_2000_SW,geojsons/GRE_2000_SW.geojson,632.0
ATL03_20220611152552_12301505_007_01.h5,geojsons/simplified_GRE_2000_SW.geojson,GrIS_2022_simplified_GRE_2000_SW,geojsons/GRE_2000_SW.geojson,7296.0
ATL03_20220612150013_12451505_007_01.h5,geojsons/simplified_GRE_2000_SW.geojson,GrIS_2022_simplified_GRE_2000_SW,geojsons/GRE_2000_SW.geojson,4536.0
ATL03_20220615023239_12831503_007_01.h5,geojsons/simplified_GRE_2000_SW.geojson,GrIS_2022_simplified_GRE_2000_SW,geojsons/GRE_2000_SW.geojson,1504.0
ATL03_20220616145156_13061505_007_01.h5,geojsons/simplified_GRE_2000_SW.geojson,GrIS_2022_simplified_GRE_2000_SW,geojsons/GRE_2000_SW.geojson,4928.0
ATL03_20220619022422_13441503_007_01.h5,geojsons/simplified_GRE_2000_SW.geojson,GrIS_2022_simplified_GRE_2000_SW,geojsons/GRE_2000_SW.geojson,1120.0
ATL03_20220620144339_13671505_007_01.h5,geojsons/simplified_GRE_2000_SW.geojson,GrIS_2022_simplified_GRE_2000_SW,geojsons/GRE_2000_SW.geojson,4760.0
ATL03_20220623021609_00181603_007_01.h5,geojsons/simplified_GRE_2000_SW.geojson,GrIS_2022_simplified_GRE_2000_SW,geojsons/GRE_2000_SW.geojson,1496.0
ATL03_20220624143518_00411605_007_01.h5,geojsons/simplified_GRE_2000_SW.geojson,GrIS_2022_simplified_GRE_2000_SW,geojsons/GRE_2000_SW.geojson,5296.0
ATL03_20220627020745_00791603_007_01.h5,geojsons/simplified_GRE_2000_SW.geojson,GrIS_2022_simplified_GRE_2000_SW,geojsons/GRE_2000_SW.geojson,1744.0
ATL03_20220628014206_00941603_007_01.h5,geojsons/simplified_GRE_2000_SW.geojson,GrIS_2022_simplified_GRE_2000_SW,geojsons/GRE_2000_SW.geojson,1472.0
ATL03_20220628142659_01021605_007_01.h5,geojsons/simplified_GRE_2000_SW.geojson,GrIS_2022_simplified_GRE_2000_SW,geojsons/GRE_2000_SW.geojson,6104.0
ATL03_20220629140122_01171605_007_01.h5,geojsons/simplified_GRE_2000_SW.geojson,GrIS_2022_simplified_GRE_2000_SW,geojsons/GRE_2000_SW.geojson,5864.0
ATL03_20220702013345_01551603_007_01.h5,geojsons/simplified_GRE_2000_SW.geojson,GrIS_2022_simplified_GRE_2000_SW,geojsons/GRE_2000_SW.geojson,864.0
ATL03_20220702141839_01631605_007_01.h5,geojsons/simplified_GRE_2000_SW.geojson,GrIS_2022_simplified_GRE_2000_SW,geojsons/GRE_2000_SW.geojson,5008.0
ATL03_20220703135301_01781605_007_01.h5,geojsons/simplified_GRE_2000_SW.geojson,GrIS_2022_simplified_GRE_2000_SW,geojsons/GRE_2000_SW.geojson,5304.0
ATL03_20220706012528_02161603_007_01.h5,geojsons/simplified_GRE_2000_SW.geojson,GrIS_2022_simplified_GRE_2000_SW,geojsons/GRE_2000_SW.geojson,1344.0
ATL03_20220706141022_02241605_007_01.h5,geojsons/simplified_GRE_2000_SW.geojson,GrIS_2022_simplified_GRE_2000_SW,geojsons/GRE_2000_SW.geojson,6632.0
ATL03_20220707134442_02391605_007_01.h5,geojsons/simplified_GRE_2000_SW.geojson,GrIS_2022_simplified_GRE_2000_SW,geojsons/GRE_2000_SW.geojson,4312.0
ATL03_20220710011708_02771603_007_01.h5,geojsons/simplified_GRE_2000_SW.geojson,GrIS_2022_simplified_GRE_2000_SW,geojsons/GRE_2000_SW.geojson,1352.0
ATL03_20220710140201_02851605_007_01.h5,geojsons/simplified_GRE_2000_SW.geojson,GrIS_2022_simplified_GRE_2000_SW,geojsons/GRE_2000_SW.geojson,7168.0
ATL03_20220711133622_03001605_007_01.h5,geojsons/simplified_GRE_2000_SW.geojson,GrIS_2022_simplified_GRE_2000_SW,geojsons/GRE_2000_SW.geojson,3960.0
ATL03_20220714010847_03381603_007_01.h5,geojsons/simplified_GRE_2000_SW.geojson,GrIS_2022_simplified_GRE_2000_SW,geojsons/GRE_2000_SW.geojson,1488.0
ATL03_20220715132801_03611605_007_01.h5,geojsons/simplified_GRE_2000_SW.geojson,GrIS_2022_simplified_GRE_2000_SW,geojsons/GRE_2000_SW.geojson,3832.0
ATL03_20220718010029_03991603_007_01.h5,geojsons/simplified_GRE_2000_SW.geojson,GrIS_2022_simplified_GRE_2000_SW,geojsons/GRE_2000_SW.geojson,1720.0
ATL03_20220719131943_04221605_007_01.h5,geojsons/simplified_GRE_2000_SW.geojson,GrIS_2022_simplified_GRE_2000_SW,geojsons/GRE_2000_SW.geojson,4200.0
ATL03_20220722005209_04601603_007_01.h5,geojsons/simplified_GRE_2000_SW.geojson,GrIS_2022_simplified_GRE_2000_SW,geojsons/GRE_2000_SW.geojson,1296.0
ATL03_20220723131125_04831605_007_01.h5,geojsons/simplified_GRE_2000_SW.geojson,GrIS_2022_simplified_GRE_2000_SW,geojsons/GRE_2000_SW.geojson,4008.0
ATL03_20220726004352_05211603_007_01.h5,geojsons/simplified_GRE_2000_SW.geojson,GrIS_2022_simplified_GRE_2000_SW,geojsons/GRE_2000_SW.geojson,1552.0
ATL03_20220727001811_05361603_007_01.h5,geojsons/simplified_GRE_2000_SW.geojson,GrIS_2022_simplified_GRE_2000_SW,geojsons/GRE_2000_SW.geojson,1104.0
ATL03_20220727130304_05441605_007_01.h5,geojsons/simplified_GRE_2000_SW.geojson,GrIS_2022_simplified_GRE_2000_SW,geojsons/GRE_2000_SW.geojson,3976.0
ATL03_20220731000952_05971603_007_01.h5,geojsons/simplified_GRE_2000_SW.geojson,GrIS_2022_simplified_GRE_2000_SW,geojsons/GRE_2000_SW.geojson,976.0
ATL03_20220731125445_06051605_007_01.h5,geojsons/simplified_GRE_2000_SW.geojson,GrIS_2022_simplified_GRE_2000_SW,geojsons/GRE_2000_SW.geojson,4392.0
ATL03_20220801122905_06201605_007_01.h5,geojsons/simplified_GRE_2000_SW.geojson,GrIS_2022_simplified_GRE_2000_SW,geojsons/GRE_2000_SW.geojson,5256.0
ATL03_20220804000134_06581603_007_01.h5,geojsons/simplified_GRE_2000_SW.geojson,GrIS_2022_simplified_GRE_2000_SW,geojsons/GRE_2000_SW.geojson,1216.0
ATL03_20220804124627_06661605_007_01.h5,geojsons/simplified_GRE_2000_SW.geojson,GrIS_2022_simplified_GRE_2000_SW,geojsons/GRE_2000_SW.geojson,5776.0
ATL03_20220805122049_06811605_007_01.h5,geojsons/simplified_GRE_2000_SW.geojson,GrIS_2022_simplified_GRE_2000_SW,geojsons/GRE_2000_SW.geojson,4048.0
ATL03_20220807235315_07191603_007_01.h5,geojsons/simplified_GRE_2000_SW.geojson,GrIS_2022_simplified_GRE_2000_SW,geojsons/GRE_2000_SW.geojson,1288.0
ATL03_20220808123808_07271605_007_01.h5,geojsons/simplified_GRE_2000_SW.geojson,GrIS_2022_simplified_GRE_2000_SW,geojsons/GRE_2000_SW.geojson,5016.0
ATL03_20220809121228_07421605_007_01.h5,geojsons/simplified_GRE_2000_SW.geojson,GrIS_2022_simplified_GRE_2000_SW,geojsons/GRE_2000_SW.geojson,3416.0
ATL03_20220811234454_07801603_007_01.h5,geojsons/simplified_GRE_2000_SW.geojson,GrIS_2022_simplified_GRE_2000_SW,geojsons/GRE_2000_SW.geojson,832.0
ATL03_20220813120402_08031605_007_01.h5,geojsons/simplified_GRE_2000_SW.geojson,GrIS_2022_simplified_GRE_2000_SW,geojsons/GRE_2000_SW.geojson,3400.0
ATL03_20220815233633_08411603_007_01.h5,geojsons/simplified_GRE_2000_SW.geojson,GrIS_2022_simplified_GRE_2000_SW,geojsons/GRE_2000_SW.geojson,1176.0
ATL03_20220817115547_08641605_007_01.h5,geojsons/simplified_GRE_2000_SW.geojson,GrIS_2022_simplified_GRE_2000_SW,geojsons/GRE_2000_SW.geojson,3176.0
ATL03_20220819232813_09021603_007_01.h5,geojsons/simplified_GRE_2000_SW.geojson,GrIS_2022_simplified_GRE_2000_SW,geojsons/GRE_2000_SW.geojson,1416.0
ATL03_20220821114729_09251605_007_01.h5,geojsons/simplified_GRE_2000_SW.geojson,GrIS_2022_simplified_GRE_2000_SW,geojsons/GRE_2000_SW.geojson,2968.0
ATL03_20220823231957_09631603_007_01.h5,geojsons/simplified_GRE_2000_SW.geojson,GrIS_2022_simplified_GRE_2000_SW,geojsons/GRE_2000_SW.geojson,928.0
ATL03_20220825113911_09861605_007_01.h5,geojsons/simplified_GRE_2000_SW.geojson,GrIS_2022_simplified_GRE_2000_SW,geojsons/GRE_2000_SW.geojson,3736.0
ATL03_20220827231139_10241603_007_01.h5,geojsons/simplified_GRE_2000_SW.geojson,GrIS_2022_simplified_GRE_2000_SW,geojsons/GRE_2000_SW.geojson,888.0
ATL03_20220828224559_10391603_007_01.h5,geojsons/simplified_GRE_2000_SW.geojson,GrIS_2022_simplified_GRE_2000_SW,geojsons/GRE_2000_SW.geojson,616.0
ATL03_20220829113052_10471605_007_01.h5,geojsons/simplified_GRE_2000_SW.geojson,GrIS_2022_simplified_GRE_2000_SW,geojsons/GRE_2000_SW.geojson,2832.0
ATL03_20220830110512_10621605_007_01.h5,geojsons/simplified_GRE_2000_SW.geojson,GrIS_2022_simplified_GRE_2000_SW,geojsons/GRE_2000_SW.geojson,3192.0
