granule,is2_time_utc,search_start_utc,search_end_utc,s2_candidates,s2_id,s2_time_utc,timediff_hours,same_day,s2_cloud_cover,s2_platform
ATL03_20220501042951_05971503_007_01.h5,2022-05-01T04:29:51+00:00,2022-04-26T04:29:51+00:00,2022-05-06T04:29:51+00:00,79,S2B_23WNQ_20220501_0_L2A,2022-05-01T14:33:45.244000+00:00,10.065,True,28.405464,sentinel-2b
ATL03_20220501171445_06051505_007_01.h5,2022-05-01T17:14:45+00:00,2022-04-26T17:14:45+00:00,2022-05-06T17:14:45+00:00,78,S2A_22WEU_20220501_0_L2A,2022-05-01T15:24:13.978000+00:00,1.842,True,5.446923,sentinel-2a
ATL03_20220502164904_06201505_007_01.h5,2022-05-02T16:49:04+00:00,2022-04-27T16:49:04+00:00,2022-05-07T16:49:04+00:00,91,S2A_23VMJ_20220502_0_L2A,2022-05-02T14:55:15.342000+00:00,1.897,True,38.68008,sentinel-2a
ATL03_20220505042131_06581503_007_01.h5,2022-05-05T04:21:31+00:00,2022-04-30T04:21:31+00:00,2022-05-10T04:21:31+00:00,100,S2A_23WNR_20220505_0_L2A,2022-05-05T15:03:35.262000+00:00,10.701,True,12.087367,sentinel-2a
ATL03_20220505170624_06661505_007_01.h5,2022-05-05T17:06:24+00:00,2022-04-30T17:06:24+00:00,2022-05-10T17:06:24+00:00,99,S2A_22VEQ_20220505_0_L2A,2022-05-05T15:05:14.618000+00:00,2.019,True,40.28748,sentinel-2a
ATL03_20220506164046_06811505_007_01.h5,2022-05-06T16:40:46+00:00,2022-05-01T16:40:46+00:00,2022-05-11T16:40:46+00:00,84,S2A_23WNQ_20220506_0_L2A,2022-05-06T14:33:55.794000+00:00,2.114,True,38.489196,sentinel-2a
ATL03_20220509041310_07191503_007_01.h5,2022-05-09T04:13:10+00:00,2022-05-04T04:13:10+00:00,2022-05-14T04:13:10+00:00,86,S2A_23WNP_20220509_0_L2A,2022-05-09T14:44:07.798000+00:00,10.516,True,37.789887,sentinel-2a
ATL03_20220509165802_07271505_007_01.h5,2022-05-09T16:58:02+00:00,2022-05-04T16:58:02+00:00,2022-05-14T16:58:02+00:00,78,S2A_22VEN_20220509_0_L2A,2022-05-09T14:45:47.743000+00:00,2.204,True,11.877563,sentinel-2a
ATL03_20220510163230_07421505_007_01.h5,2022-05-10T16:32:30+00:00,2022-05-05T16:32:30+00:00,2022-05-15T16:32:30+00:00,70,S2B_23WNR_20220510_0_L2A,2022-05-10T15:03:28.007000+00:00,1.484,True,39.583436,sentinel-2b
ATL03_20220513040457_07801503_007_01.h5,2022-05-13T04:04:57+00:00,2022-05-08T04:04:57+00:00,2022-05-18T04:04:57+00:00,81,S2A_23VNL_20220513_0_L2A,2022-05-13T14:24:53.765000+00:00,10.332,True,45.594594,sentinel-2a
ATL03_20220517035636_08411503_007_01.h5,2022-05-17T03:56:36+00:00,2022-05-12T03:56:36+00:00,2022-05-22T03:56:36+00:00,100,S2B_23WNR_20220517_0_L2A,2022-05-17T14:53:33.252000+00:00,10.949,True,39.612347,sentinel-2b
ATL03_20220518161550_08641505_007_01.h5,2022-05-18T16:15:50+00:00,2022-05-13T16:15:50+00:00,2022-05-23T16:15:50+00:00,100,S2A_22VER_20220518_0_L2A,2022-05-18T15:14:57.704000+00:00,1.015,True,13.998741,sentinel-2a
ATL03_20220521034812_09021503_007_01.h5,2022-05-21T03:48:12+00:00,2022-05-16T03:48:12+00:00,2022-05-26T03:48:12+00:00,100,S2B_23VNL_20220521_0_L2A,2022-05-21T14:34:48.088000+00:00,10.777,True,18.520081,sentinel-2b
ATL03_20220522160725_09251505_007_01.h5,2022-05-22T16:07:25+00:00,2022-05-17T16:07:25+00:00,2022-05-27T16:07:25+00:00,99,S2A_23VNK_20220523_0_L2A,2022-05-23T14:25:11.464000+00:00,22.296,False,37.352788,sentinel-2a
ATL03_20220525033953_09631503_007_01.h5,2022-05-25T03:39:53+00:00,2022-05-20T03:39:53+00:00,2022-05-30T03:39:53+00:00,83,S2A_23WNR_20220525_0_L2A,2022-05-25T15:03:37.862000+00:00,11.396,True,0.683661,sentinel-2a
ATL03_20220526155907_09861505_007_01.h5,2022-05-26T15:59:07+00:00,2022-05-21T15:59:07+00:00,2022-05-31T15:59:07+00:00,89,S2B_22WFV_20220526_0_L2A,2022-05-26T15:23:45.238000+00:00,0.589,True,6.357916,sentinel-2b
ATL03_20220529033139_10241503_007_01.h5,2022-05-29T03:31:39+00:00,2022-05-24T03:31:39+00:00,2022-06-03T03:31:39+00:00,100,S2A_22WES_20220529_0_L2A,2022-05-29T14:44:58.236000+00:00,11.222,True,46.530214,sentinel-2a
ATL03_20220530030601_10391503_007_01.h5,2022-05-30T03:06:01+00:00,2022-05-25T03:06:01+00:00,2022-06-04T03:06:01+00:00,100,S2B_22WEV_20220530_0_L2A,2022-05-30T15:04:00.488000+00:00,11.967,True,22.924164,sentinel-2b
ATL03_20220530155054_10471505_007_01.h5,2022-05-30T15:50:54+00:00,2022-05-25T15:50:54+00:00,2022-06-04T15:50:54+00:00,100,S2A_22WFA_20220601_0_L2A,2022-06-01T14:53:51.149000+00:00,47.049,False,13.996245,sentinel-2a
ATL03_20220531152516_10621505_007_01.h5,2022-05-31T15:25:16+00:00,2022-05-26T15:25:16+00:00,2022-06-05T15:25:16+00:00,100,S2A_23VMK_20220601_0_L2A,2022-06-01T14:55:08.648000+00:00,23.498,False,28.488153,sentinel-2a
ATL03_20220603025742_11001503_007_01.h5,2022-06-03T02:57:42+00:00,2022-05-29T02:57:42+00:00,2022-06-08T02:57:42+00:00,100,S2B_22WFS_20220603_0_L2A,2022-06-03T14:44:42.145000+00:00,11.783,True,22.872332,sentinel-2b
ATL03_20220603154233_11081505_007_01.h5,2022-06-03T15:42:33+00:00,2022-05-29T15:42:33+00:00,2022-06-08T15:42:33+00:00,100,S2A_22WFA_20220604_0_L2A,2022-06-04T15:03:49.329000+00:00,23.355,False,2.75377,sentinel-2a
ATL03_20220604151654_11231505_007_01.h5,2022-06-04T15:16:54+00:00,2022-05-30T15:16:54+00:00,2022-06-09T15:16:54+00:00,100,S2A_22VEP_20220604_0_L2A,2022-06-04T15:05:30.407000+00:00,0.19,True,0.030139,sentinel-2a
ATL03_20220607024921_11611503_007_01.h5,2022-06-07T02:49:21+00:00,2022-06-02T02:49:21+00:00,2022-06-12T02:49:21+00:00,100,S2B_23VMH_20220607_0_L2A,2022-06-07T14:25:38.757000+00:00,11.605,True,31.436345,sentinel-2b
ATL03_20220607153415_11691505_007_01.h5,2022-06-07T15:34:15+00:00,2022-06-02T15:34:15+00:00,2022-06-12T15:34:15+00:00,100,S2A_22VER_20220607_0_L2A,2022-06-07T15:15:00.274000+00:00,0.321,True,32.411477,sentinel-2a
ATL03_20220608150833_11841505_007_01.h5,2022-06-08T15:08:33+00:00,2022-06-03T15:08:33+00:00,2022-06-13T15:08:33+00:00,100,S2A_23VLH_20220608_0_L2A,2022-06-08T14:45:46.631000+00:00,0.38,True,35.756135,sentinel-2a
ATL03_20220611024058_12221503_007_01.h5,2022-06-11T02:40:58+00:00,2022-06-06T02:40:58+00:00,2022-06-16T02:40:58+00:00,100,S2B_22VFN_20220610_0_L2A,2022-06-10T14:35:44.028000+00:00,12.087,False,31.087556,sentinel-2b
ATL03_20220611152552_12301505_007_01.h5,2022-06-11T15:25:52+00:00,2022-06-06T15:25:52+00:00,2022-06-16T15:25:52+00:00,100,S2A_23VMJ_20220611_0_L2A,2022-06-11T14:55:19.944000+00:00,0.509,True,0.0,sentinel-2a
ATL03_20220612150013_12451505_007_01.h5,2022-06-12T15:00:13+00:00,2022-06-07T15:00:13+00:00,2022-06-17T15:00:13+00:00,100,S2B_22WES_20220613_0_L2A,2022-06-13T14:44:53.642000+00:00,23.745,False,27.389914,sentinel-2b
ATL03_20220615023239_12831503_007_01.h5,2022-06-15T02:32:39+00:00,2022-06-10T02:32:39+00:00,2022-06-20T02:32:39+00:00,78,S2A_22VEN_20220614_0_L2A,2022-06-14T15:05:40.184000+00:00,11.45,False,0.116976,sentinel-2a
ATL03_20220616145156_13061505_007_01.h5,2022-06-16T14:51:56+00:00,2022-06-11T14:51:56+00:00,2022-06-21T14:51:56+00:00,72,S2B_23WNR_20220616_0_L2A,2022-06-16T14:53:37.717000+00:00,0.028,True,1.372636,sentinel-2b
ATL03_20220619022422_13441503_007_01.h5,2022-06-19T02:24:22+00:00,2022-06-14T02:24:22+00:00,2022-06-24T02:24:22+00:00,99,S2A_22VFN_20220618_0_L2A,2022-06-18T14:45:50.981000+00:00,11.642,False,49.142253,sentinel-2a
ATL03_20220620144339_13671505_007_01.h5,2022-06-20T14:43:39+00:00,2022-06-15T14:43:39+00:00,2022-06-25T14:43:39+00:00,89,S2B_22WEV_20220619_0_L2A,2022-06-19T15:04:04.964000+00:00,23.659,False,34.277755,sentinel-2b
ATL03_20220623021609_00181603_007_01.h5,2022-06-23T02:16:09+00:00,2022-06-18T02:16:09+00:00,2022-06-28T02:16:09+00:00,64,S2A_23VMH_20220622_0_L2A,2022-06-22T14:25:49.566000+00:00,11.839,False,16.62192,sentinel-2a
ATL03_20220624143518_00411605_007_01.h5,2022-06-24T14:35:18+00:00,2022-06-19T14:35:18+00:00,2022-06-29T14:35:18+00:00,73,S2B_23VMH_20220623_0_L2A,2022-06-23T14:45:36.825000+00:00,23.828,False,30.947262,sentinel-2b
ATL03_20220627020745_00791603_007_01.h5,2022-06-27T02:07:45+00:00,2022-06-22T02:07:45+00:00,2022-07-02T02:07:45+00:00,83,S2B_23VNL_20220627_0_L2A,2022-06-27T14:24:55.175000+00:00,12.286,True,35.654742,sentinel-2b
ATL03_20220628014206_00941603_007_01.h5,2022-06-28T01:42:06+00:00,2022-06-23T01:42:06+00:00,2022-07-03T01:42:06+00:00,87,S2A_23WMP_20220627_0_L2A,2022-06-27T15:14:09.857000+00:00,10.466,False,2.67103544099044,sentinel-2a
ATL03_20220628142659_01021605_007_01.h5,2022-06-28T14:26:59+00:00,2022-06-23T14:26:59+00:00,2022-07-03T14:26:59+00:00,87,S2A_23WNR_20220628_1_L2A,2022-06-28T14:43:48.740000+00:00,0.28,True,19.139361,sentinel-2a
ATL03_20220629140122_01171605_007_01.h5,2022-06-29T14:01:22+00:00,2022-06-24T14:01:22+00:00,2022-07-04T14:01:22+00:00,83,S2B_22WEA_20220628_0_L2A,2022-06-28T15:33:43.737000+00:00,22.461,False,0.173863,sentinel-2b
ATL03_20220702013345_01551603_007_01.h5,2022-07-02T01:33:45+00:00,2022-06-27T01:33:45+00:00,2022-07-07T01:33:45+00:00,91,S2A_23VLH_20220701_0_L2A,2022-07-01T14:55:47.441000+00:00,10.633,False,49.372423,sentinel-2a
ATL03_20220702141839_01631605_007_01.h5,2022-07-02T14:18:39+00:00,2022-06-27T14:18:39+00:00,2022-07-07T14:18:39+00:00,91,S2A_23VNL_20220702_0_L2A,2022-07-02T14:25:03.131000+00:00,0.107,True,18.731222,sentinel-2a
ATL03_20220703135301_01781605_007_01.h5,2022-07-03T13:53:01+00:00,2022-06-28T13:53:01+00:00,2022-07-08T13:53:01+00:00,89,S2B_23WNR_20220703_0_L2A,2022-07-03T14:43:41.063000+00:00,0.844,True,9.285301,sentinel-2b
ATL03_20220706012528_02161603_007_01.h5,2022-07-06T01:25:28+00:00,2022-07-01T01:25:28+00:00,2022-07-11T01:25:28+00:00,100,S2B_22WET_20220705_0_L2A,2022-07-05T15:24:23.831000+00:00,10.018,False,17.557624,sentinel-2b
ATL03_20220706141022_02241605_007_01.h5,2022-07-06T14:10:22+00:00,2022-07-01T14:10:22+00:00,2022-07-11T14:10:22+00:00,100,S2B_23VML_20220706_0_L2A,2022-07-06T14:54:52.714000+00:00,0.742,True,43.407759,sentinel-2b
ATL03_20220707134442_02391605_007_01.h5,2022-07-07T13:44:42+00:00,2022-07-02T13:44:42+00:00,2022-07-12T13:44:42+00:00,100,S2B_23VNK_20220707_0_L2A,2022-07-07T14:25:09.499000+00:00,0.674,True,44.689727,sentinel-2b
ATL03_20220710011708_02771603_007_01.h5,2022-07-10T01:17:08+00:00,2022-07-05T01:17:08+00:00,2022-07-15T01:17:08+00:00,100,S2B_22VEQ_20220709_0_L2A,2022-07-09T15:05:14.741000+00:00,10.198,False,49.512854,sentinel-2b
ATL03_20220710140201_02851605_007_01.h5,2022-07-10T14:02:01+00:00,2022-07-05T14:02:01+00:00,2022-07-15T14:02:01+00:00,100,S2B_23WNQ_20220710_0_L2A,2022-07-10T14:33:55.980000+00:00,0.532,True,47.704655,sentinel-2b
ATL03_20220711133622_03001605_007_01.h5,2022-07-11T13:36:22+00:00,2022-07-06T13:36:22+00:00,2022-07-16T13:36:22+00:00,100,S2A_22WEV_20220711_0_L2A,2022-07-11T14:54:16.442000+00:00,1.298,True,40.346316,sentinel-2a
ATL03_20220714010847_03381603_007_01.h5,2022-07-14T01:08:47+00:00,2022-07-09T01:08:47+00:00,2022-07-19T01:08:47+00:00,100,S2B_23VMH_20220713_0_L2A,2022-07-13T14:45:36.307000+00:00,10.386,False,43.460828,sentinel-2b
ATL03_20220715132801_03611605_007_01.h5,2022-07-15T13:28:01+00:00,2022-07-10T13:28:01+00:00,2022-07-20T13:28:01+00:00,100,S2A_22VFQ_20220715_0_L2A,2022-07-15T14:35:25.319000+00:00,1.123,True,36.551046,sentinel-2a
ATL03_20220718010029_03991603_007_01.h5,2022-07-18T01:00:29+00:00,2022-07-13T01:00:29+00:00,2022-07-23T01:00:29+00:00,100,S2A_22WEV_20220717_0_L2A,2022-07-17T15:14:18.470000+00:00,9.77,False,46.346289,sentinel-2a
ATL03_20220719131943_04221605_007_01.h5,2022-07-19T13:19:43+00:00,2022-07-14T13:19:43+00:00,2022-07-24T13:19:43+00:00,100,S2B_23WNR_20220719_0_L2A,2022-07-19T15:03:35.524000+00:00,1.731,True,20.346802,sentinel-2b
ATL03_20220722005209_04601603_007_01.h5,2022-07-22T00:52:09+00:00,2022-07-17T00:52:09+00:00,2022-07-27T00:52:09+00:00,100,S2A_22VEN_20220721_0_L2A,2022-07-21T14:55:51.431000+00:00,9.938,False,15.994304,sentinel-2a
ATL03_20220723131125_04831605_007_01.h5,2022-07-23T13:11:25+00:00,2022-07-18T13:11:25+00:00,2022-07-28T13:11:25+00:00,100,S2B_23WNN_20220723_0_L2A,2022-07-23T14:44:22.742000+00:00,1.549,True,42.829692,sentinel-2b
ATL03_20220726004352_05211603_007_01.h5,2022-07-26T00:43:52+00:00,2022-07-21T00:43:52+00:00,2022-07-31T00:43:52+00:00,100,S2A_22VFP_20220725_0_L2A,2022-07-25T14:35:37.063000+00:00,10.137,False,42.672846,sentinel-2a
ATL03_20220727001811_05361603_007_01.h5,2022-07-27T00:18:11+00:00,2022-07-22T00:18:11+00:00,2022-08-01T00:18:11+00:00,100,S2B_23VNJ_20220727_0_L2A,2022-07-27T14:25:23.674000+00:00,14.12,True,39.7037,sentinel-2b
ATL03_20220727130304_05441605_007_01.h5,2022-07-27T13:03:04+00:00,2022-07-22T13:03:04+00:00,2022-08-01T13:03:04+00:00,100,S2B_23VNJ_20220727_0_L2A,2022-07-27T14:25:23.674000+00:00,1.372,True,39.7037,sentinel-2b
ATL03_20220731000952_05971603_007_01.h5,2022-07-31T00:09:52+00:00,2022-07-26T00:09:52+00:00,2022-08-05T00:09:52+00:00,100,S2B_22VFN_20220730_0_L2A,2022-07-30T14:35:46.609000+00:00,9.568,False,34.5245,sentinel-2b
ATL03_20220731125445_06051605_007_01.h5,2022-07-31T12:54:45+00:00,2022-07-26T12:54:45+00:00,2022-08-05T12:54:45+00:00,100,S2A_23WMR_20220731_0_L2A,2022-07-31T14:53:49.811000+00:00,1.985,True,37.350798,sentinel-2a
ATL03_20220801122905_06201605_007_01.h5,2022-08-01T12:29:05+00:00,2022-07-27T12:29:05+00:00,2022-08-06T12:29:05+00:00,100,S2A_23VNL_20220801_0_L2A,2022-08-01T14:25:00.334000+00:00,1.932,True,18.755101,sentinel-2a
ATL03_20220804000134_06581603_007_01.h5,2022-08-04T00:01:34+00:00,2022-07-30T00:01:34+00:00,2022-08-09T00:01:34+00:00,100,S2A_22WEV_20220803_0_L2A,2022-08-03T15:04:11.305000+00:00,8.956,False,48.168197,sentinel-2a
ATL03_20220804124627_06661605_007_01.h5,2022-08-04T12:46:27+00:00,2022-07-30T12:46:27+00:00,2022-08-09T12:46:27+00:00,100,S2A_22WEV_20220803_0_L2A,2022-08-03T15:04:11.305000+00:00,21.704,False,48.168197,sentinel-2a
ATL03_20220805122049_06811605_007_01.h5,2022-08-05T12:20:49+00:00,2022-07-31T12:20:49+00:00,2022-08-10T12:20:49+00:00,100,S2B_23VMJ_20220805_0_L2A,2022-08-05T14:55:14.724000+00:00,2.574,True,12.489563,sentinel-2b
ATL03_20220807235315_07191603_007_01.h5,2022-08-07T23:53:15+00:00,2022-08-02T23:53:15+00:00,2022-08-12T23:53:15+00:00,66,S2A_22VFN_20220807_0_L2A,2022-08-07T14:45:50.935000+00:00,9.123,True,15.640621,sentinel-2a
ATL03_20220808123808_07271605_007_01.h5,2022-08-08T12:38:08+00:00,2022-08-03T12:38:08+00:00,2022-08-13T12:38:08+00:00,66,S2B_23WMR_20220808_0_L2A,2022-08-08T15:03:41.750000+00:00,2.426,True,40.973255,sentinel-2b
ATL03_20220809121228_07421605_007_01.h5,2022-08-09T12:12:28+00:00,2022-08-04T12:12:28+00:00,2022-08-14T12:12:28+00:00,71,S2B_23VNK_20220809_0_L2A,2022-08-09T14:35:06.056000+00:00,2.377,True,41.353455,sentinel-2b
ATL03_20220811234454_07801603_007_01.h5,2022-08-11T23:44:54+00:00,2022-08-06T23:44:54+00:00,2022-08-16T23:44:54+00:00,69,S2B_22VER_20220811_0_L2A,2022-08-11T15:14:55.585000+00:00,8.5,True,18.372223,sentinel-2b
ATL03_20220813120402_08031605_007_01.h5,2022-08-13T12:04:02+00:00,2022-08-08T12:04:02+00:00,2022-08-18T12:04:02+00:00,73,S2A_22WFA_20220813_0_L2A,2022-08-13T15:03:53.749000+00:00,2.998,True,44.566649,sentinel-2a
ATL03_20220815233633_08411603_007_01.h5,2022-08-15T23:36:33+00:00,2022-08-10T23:36:33+00:00,2022-08-20T23:36:33+00:00,62,S2B_23VNL_20220815_0_L2A,2022-08-15T14:54:39.062000+00:00,8.698,True,0.0,sentinel-2b
ATL03_20220817115547_08641605_007_01.h5,2022-08-17T11:55:47+00:00,2022-08-12T11:55:47+00:00,2022-08-22T11:55:47+00:00,60,S2A_22WES_20220817_0_L2A,2022-08-17T14:45:03.003000+00:00,2.821,True,16.317284,sentinel-2a
ATL03_20220819232813_09021603_007_01.h5,2022-08-19T23:28:13+00:00,2022-08-14T23:28:13+00:00,2022-08-24T23:28:13+00:00,60,S2A_22WET_20220819_0_L2A,2022-08-19T15:24:31.362000+00:00,8.062,True,2.998055,sentinel-2a
ATL03_20220821114729_09251605_007_01.h5,2022-08-21T11:47:29+00:00,2022-08-16T11:47:29+00:00,2022-08-26T11:47:29+00:00,61,S2A_23VNL_20220821_0_L2A,2022-08-21T14:25:02.752000+00:00,2.626,True,45.616171,sentinel-2a
ATL03_20220823231957_09631603_007_01.h5,2022-08-23T23:19:57+00:00,2022-08-18T23:19:57+00:00,2022-08-28T23:19:57+00:00,65,S2A_23WNQ_20220824_0_L2A,2022-08-24T14:34:03.930000+00:00,15.235,False,20.384136,sentinel-2a
ATL03_20220825113911_09861605_007_01.h5,2022-08-25T11:39:11+00:00,2022-08-20T11:39:11+00:00,2022-08-30T11:39:11+00:00,51,S2B_23VNL_20220825_0_L2A,2022-08-25T14:54:36.240000+00:00,3.257,True,0.0,sentinel-2b
ATL03_20220827231139_10241603_007_01.h5,2022-08-27T23:11:39+00:00,2022-08-22T23:11:39+00:00,2022-09-01T23:11:39+00:00,53,S2B_22WEA_20220827_0_L2A,2022-08-27T15:33:38.874000+00:00,7.633,True,13.768488,sentinel-2b
ATL03_20220828224559_10391603_007_01.h5,2022-08-28T22:45:59+00:00,2022-08-23T22:45:59+00:00,2022-09-02T22:45:59+00:00,54,S2B_22WES_20220828_0_L2A,2022-08-28T15:04:43.001000+00:00,7.688,True,30.460277,sentinel-2b
ATL03_20220829113052_10471605_007_01.h5,2022-08-29T11:30:52+00:00,2022-08-24T11:30:52+00:00,2022-09-03T11:30:52+00:00,54,S2B_23VLL_20220829_0_L2A,2022-08-29T14:35:02.087000+00:00,3.069,True,28.34501,sentinel-2b
ATL03_20220830110512_10621605_007_01.h5,2022-08-30T11:05:12+00:00,2022-08-25T11:05:12+00:00,2022-09-04T11:05:12+00:00,44,S2A_22WFV_20220830_0_L2A,2022-08-30T14:54:09.890000+00:00,3.816,True,37.036571,sentinel-2a
ATL03_20220901223736_11001603_007_01.h5,2022-09-01T22:37:36+00:00,2022-08-27T22:37:36+00:00,2022-09-06T22:37:36+00:00,58,S2B_23VNH_20220901_0_L2A,2022-09-01T14:45:21.838000+00:00,7.871,True,0.598802,sentinel-2b
ATL03_20220902112229_11081605_007_01.h5,2022-09-02T11:22:29+00:00,2022-08-28T11:22:29+00:00,2022-09-07T11:22:29+00:00,58,S2A_23WNP_20220902_1_L2A,2022-09-02T15:04:08.818000+00:00,3.694,True,0.004117,sentinel-2a
ATL03_20220903105651_11231605_007_01.h5,2022-09-03T10:56:51+00:00,2022-08-29T10:56:51+00:00,2022-09-08T10:56:51+00:00,51,S2A_23WNP_20220902_1_L2A,2022-09-02T15:04:08.818000+00:00,19.878,False,0.004117,sentinel-2a
ATL03_20220905222918_11611603_007_01.h5,2022-09-05T22:29:18+00:00,2022-08-31T22:29:18+00:00,2022-09-10T22:29:18+00:00,68,S2A_23WMP_20220905_0_L2A,2022-09-05T15:14:08.750000+00:00,7.253,True,9.86701,sentinel-2a
ATL03_20220906111411_11691605_007_01.h5,2022-09-06T11:14:11+00:00,2022-09-01T11:14:11+00:00,2022-09-11T11:14:11+00:00,68,S2A_22WES_20220906_0_L2A,2022-09-06T14:45:01.904000+00:00,3.514,True,2.843302,sentinel-2a
ATL03_20220907104831_11841605_007_01.h5,2022-09-07T10:48:31+00:00,2022-09-02T10:48:31+00:00,2022-09-12T10:48:31+00:00,63,S2B_23WMN_20220907_0_L2A,2022-09-07T15:04:19.394000+00:00,4.263,True,24.698025,sentinel-2b
ATL03_20220909222056_12221603_007_01.h5,2022-09-09T22:20:56+00:00,2022-09-04T22:20:56+00:00,2022-09-14T22:20:56+00:00,71,S2A_23VLH_20220909_0_L2A,2022-09-09T14:55:45.401000+00:00,7.42,True,36.043677,sentinel-2a
ATL03_20220910110550_12301605_007_01.h5,2022-09-10T11:05:50+00:00,2022-09-05T11:05:50+00:00,2022-09-15T11:05:50+00:00,71,S2A_23VNL_20220910_0_L2A,2022-09-10T14:25:00.853000+00:00,3.32,True,49.414489,sentinel-2a
ATL03_20220911104011_12451605_007_01.h5,2022-09-11T10:40:11+00:00,2022-09-06T10:40:11+00:00,2022-09-16T10:40:11+00:00,69,S2B_23VMH_20220911_0_L2A,2022-09-11T14:45:33.968000+00:00,4.09,True,48.190781,sentinel-2b
ATL03_20220913221236_12831603_007_01.h5,2022-09-13T22:12:36+00:00,2022-09-08T22:12:36+00:00,2022-09-18T22:12:36+00:00,56,S2A_22VFN_20220913_0_L2A,2022-09-13T14:35:51.721000+00:00,7.612,True,24.324442,sentinel-2a
ATL03_20220915103149_13061605_007_01.h5,2022-09-15T10:31:49+00:00,2022-09-10T10:31:49+00:00,2022-09-20T10:31:49+00:00,61,S2B_23VNK_20220915_0_L2A,2022-09-15T14:25:06.393000+00:00,3.888,True,35.945269,sentinel-2b
ATL03_20220917220416_13441603_007_01.h5,2022-09-17T22:04:16+00:00,2022-09-12T22:04:16+00:00,2022-09-22T22:04:16+00:00,57,S2B_22WET_20220917_0_L2A,2022-09-17T15:04:30.342000+00:00,6.996,True,46.507755,sentinel-2b
ATL03_20220919102331_13671605_007_01.h5,2022-09-19T10:23:31+00:00,2022-09-14T10:23:31+00:00,2022-09-24T10:23:31+00:00,44,S2A_23WMR_20220919_0_L2A,2022-09-19T14:53:47.828000+00:00,4.505,True,13.091168,sentinel-2a
ATL03_20220921215558_00181703_007_01.h5,2022-09-21T21:55:58+00:00,2022-09-16T21:55:58+00:00,2022-09-26T21:55:58+00:00,39,S2B_22VEN_20220921_0_L2A,2022-09-21T14:45:44.998000+00:00,7.17,True,18.778259,sentinel-2b
ATL03_20220923101512_00411705_007_01.h5,2022-09-23T10:15:12+00:00,2022-09-18T10:15:12+00:00,2022-09-28T10:15:12+00:00,38,S2B_22VEN_20220921_0_L2A,2022-09-21T14:45:44.998000+00:00,43.491,False,18.778259,sentinel-2b
ATL03_20220925214736_00791703_007_01.h5,2022-09-25T21:47:36+00:00,2022-09-20T21:47:36+00:00,2022-09-30T21:47:36+00:00,24,S2A_23WMP_20220926_1_L2A,2022-09-26T14:44:07.035000+00:00,16.942,False,1.048278,sentinel-2a
ATL03_20220926212156_00941703_007_01.h5,2022-09-26T21:21:56+00:00,2022-09-21T21:21:56+00:00,2022-10-01T21:21:56+00:00,14,S2A_23VNH_20220926_0_L2A,2022-09-26T14:45:27.891000+00:00,6.608,True,0.0,sentinel-2a
ATL03_20220927100650_01021705_007_01.h5,2022-09-27T10:06:50+00:00,2022-09-22T10:06:50+00:00,2022-10-02T10:06:50+00:00,14,S2A_23VNH_20220926_0_L2A,2022-09-26T14:45:27.891000+00:00,19.356,False,0.0,sentinel-2a
ATL03_20220928094111_01171705_007_01.h5,2022-09-28T09:41:11+00:00,2022-09-23T09:41:11+00:00,2022-10-03T09:41:11+00:00,20,S2B_23WNQ_20220928_0_L2A,2022-09-28T14:33:51.181000+00:00,4.878,True,48.804399,sentinel-2b
ATL03_20220930211338_01551703_007_01.h5,2022-09-30T21:13:38+00:00,2022-09-25T21:13:38+00:00,2022-10-05T21:13:38+00:00,62,S2B_23WMP_20220930_0_L2A,2022-09-30T15:13:56.438000+00:00,5.995,True,1.636163,sentinel-2b
