granule,is2_time_utc,search_start_utc,search_end_utc,s2_candidates,s2_id,s2_time_utc,timediff_hours,same_day,s2_cloud_cover,s2_platform,n_lakes,n_lakes_quality_gt0,max_depth_m,good_s2_match,has_lakes,has_quality_lakes,detection_run,modeling_ready
ATL03_20220714010847_03381603_007_01.h5,2022-07-14T01:08:47+00:00,2022-07-11T01:08:47+00:00,2022-07-17T01:08:47+00:00,500,S2A_22WDV_20220714_0_L2A,2022-07-14T15:04:18.887000+00:00,13.926,TRUE,0.306515,sentinel-2a,110,48,8.921966818,TRUE,TRUE,TRUE,TRUE,TRUE
ATL03_20220616145156_13061505_007_01.h5,2022-06-16T14:51:56+00:00,2022-06-13T14:51:56+00:00,2022-06-19T14:51:56+00:00,500,S2B_23VMJ_20220616_0_L2A,2022-06-16T14:55:14.135000+00:00,0.055,TRUE,0,sentinel-2b,0,0,,TRUE,FALSE,FALSE,FALSE,FALSE
ATL03_20220604151654_11231505_007_01.h5,2022-06-04T15:16:54+00:00,2022-06-01T15:16:54+00:00,2022-06-07T15:16:54+00:00,500,S2A_22VDP_20220604_0_L2A,2022-06-04T15:05:33.554000+00:00,0.189,TRUE,0,sentinel-2a,0,0,,TRUE,FALSE,FALSE,FALSE,FALSE
ATL03_20220607153415_11691505_007_01.h5,2022-06-07T15:34:15+00:00,2022-06-04T15:34:15+00:00,2022-06-10T15:34:15+00:00,500,S2A_23WMP_20220607_0_L2A,2022-06-07T15:14:05.414000+00:00,0.336,TRUE,0,sentinel-2a,0,0,,TRUE,FALSE,FALSE,FALSE,FALSE
ATL03_20220608150833_11841505_007_01.h5,2022-06-08T15:08:33+00:00,2022-06-05T15:08:33+00:00,2022-06-11T15:08:33+00:00,500,S2A_23VNH_20220608_0_L2A,2022-06-08T14:45:29.321000+00:00,0.384,TRUE,0,sentinel-2a,0,0,,TRUE,FALSE,FALSE,FALSE,FALSE
ATL03_20220611152552_12301505_007_01.h5,2022-06-11T15:25:52+00:00,2022-06-08T15:25:52+00:00,2022-06-14T15:25:52+00:00,500,S2A_23VMJ_20220611_0_L2A,2022-06-11T14:55:19.944000+00:00,0.509,TRUE,0,sentinel-2a,0,0,,TRUE,FALSE,FALSE,FALSE,FALSE
ATL03_20220710140201_02851605_007_01.h5,2022-07-10T14:02:01+00:00,2022-07-07T14:02:01+00:00,2022-07-13T14:02:01+00:00,500,S2B_22VFP_20220710_0_L2A,2022-07-10T14:35:31.544000+00:00,0.558,TRUE,2.260819,sentinel-2b,0,0,,TRUE,FALSE,FALSE,FALSE,FALSE
ATL03_20220706141022_02241605_007_01.h5,2022-07-06T14:10:22+00:00,2022-07-03T14:10:22+00:00,2022-07-09T14:10:22+00:00,500,S2B_23VMJ_20220706_0_L2A,2022-07-06T14:55:15.316000+00:00,0.748,TRUE,0.601767,sentinel-2b,0,0,,TRUE,FALSE,FALSE,FALSE,FALSE
ATL03_20220703135301_01781605_007_01.h5,2022-07-03T13:53:01+00:00,2022-06-30T13:53:01+00:00,2022-07-06T13:53:01+00:00,500,S2B_23WNM_20220703_0_L2A,2022-07-03T14:44:36.568000+00:00,0.86,TRUE,5.961921,sentinel-2b,0,0,,TRUE,FALSE,FALSE,FALSE,FALSE
ATL03_20220702141839_01631605_007_01.h5,2022-07-02T14:18:39+00:00,2022-06-29T14:18:39+00:00,2022-07-05T14:18:39+00:00,500,S2B_23WMP_20220702_0_L2A,2022-07-02T15:14:02.280000+00:00,0.923,TRUE,1.016211,sentinel-2b,0,0,,TRUE,FALSE,FALSE,FALSE,FALSE
ATL03_20220603154233_11081505_007_01.h5,2022-06-03T15:42:33+00:00,2022-05-31T15:42:33+00:00,2022-06-06T15:42:33+00:00,500,S2B_23VNH_20220603_0_L2A,2022-06-03T14:45:20.574000+00:00,0.953,TRUE,0,sentinel-2b,0,0,,TRUE,FALSE,FALSE,FALSE,FALSE
ATL03_20220628142659_01021605_007_01.h5,2022-06-28T14:26:59+00:00,2022-06-25T14:26:59+00:00,2022-07-01T14:26:59+00:00,500,S2B_22WEA_20220628_0_L2A,2022-06-28T15:33:43.737000+00:00,1.112,TRUE,0.173863,sentinel-2b,0,0,,TRUE,FALSE,FALSE,FALSE,FALSE
ATL03_20220711133622_03001605_007_01.h5,2022-07-11T13:36:22+00:00,2022-07-08T13:36:22+00:00,2022-07-14T13:36:22+00:00,500,S2A_23VMJ_20220711_0_L2A,2022-07-11T14:55:23.123000+00:00,1.317,TRUE,0,sentinel-2a,0,0,,TRUE,FALSE,FALSE,FALSE,FALSE
ATL03_20220715132801_03611605_007_01.h5,2022-07-15T13:28:01+00:00,2022-07-12T13:28:01+00:00,2022-07-18T13:28:01+00:00,500,S2B_22WEA_20220715_0_L2A,2022-07-15T15:23:46.680000+00:00,1.929,TRUE,2.796218,sentinel-2b,0,0,,TRUE,FALSE,FALSE,FALSE,FALSE
ATL03_20220731125445_06051605_007_01.h5,2022-07-31T12:54:45+00:00,2022-07-28T12:54:45+00:00,2022-08-03T12:54:45+00:00,500,S2A_23VNL_20220731_0_L2A,2022-07-31T14:54:46.333000+00:00,2,TRUE,0,sentinel-2a,0,0,,TRUE,FALSE,FALSE,FALSE,FALSE
ATL03_20220727130304_05441605_007_01.h5,2022-07-27T13:03:04+00:00,2022-07-24T13:03:04+00:00,2022-07-30T13:03:04+00:00,500,S2A_23WMP_20220727_0_L2A,2022-07-27T15:14:06.775000+00:00,2.184,TRUE,0.000431,sentinel-2a,0,0,,TRUE,FALSE,FALSE,FALSE,FALSE
ATL03_20220808123808_07271605_007_01.h5,2022-08-08T12:38:08+00:00,2022-08-05T12:38:08+00:00,2022-08-11T12:38:08+00:00,500,S2B_23WNP_20220808_1_L2A,2022-08-08T15:03:55.158000+00:00,2.43,TRUE,0,sentinel-2b,0,0,,TRUE,FALSE,FALSE,FALSE,FALSE
ATL03_20220801122905_06201605_007_01.h5,2022-08-01T12:29:05+00:00,2022-07-29T12:29:05+00:00,2022-08-04T12:29:05+00:00,500,S2B_23WMP_20220801_0_L2A,2022-08-01T15:14:01.920000+00:00,2.749,TRUE,0,sentinel-2b,0,0,,TRUE,FALSE,FALSE,FALSE,FALSE
ATL03_20220817115547_08641605_007_01.h5,2022-08-17T11:55:47+00:00,2022-08-14T11:55:47+00:00,2022-08-20T11:55:47+00:00,500,S2A_23VMJ_20220817_0_L2A,2022-08-17T14:45:30.836000+00:00,2.829,TRUE,8.732106,sentinel-2a,0,0,,TRUE,FALSE,FALSE,FALSE,FALSE
ATL03_20220813120402_08031605_007_01.h5,2022-08-13T12:04:02+00:00,2022-08-10T12:04:02+00:00,2022-08-16T12:04:02+00:00,500,S2A_23WNP_20220813_0_L2A,2022-08-13T15:04:09.598000+00:00,3.002,TRUE,0,sentinel-2a,0,0,,TRUE,FALSE,FALSE,FALSE,FALSE
ATL03_20220825113911_09861605_007_01.h5,2022-08-25T11:39:11+00:00,2022-08-22T11:39:11+00:00,2022-08-28T11:39:11+00:00,500,S2B_23VNL_20220825_0_L2A,2022-08-25T14:54:36.240000+00:00,3.257,TRUE,0,sentinel-2b,0,0,,TRUE,FALSE,FALSE,FALSE,FALSE
ATL03_20220821114729_09251605_007_01.h5,2022-08-21T11:47:29+00:00,2022-08-18T11:47:29+00:00,2022-08-24T11:47:29+00:00,500,S2B_23WMP_20220821_0_L2A,2022-08-21T15:13:58.307000+00:00,3.441,TRUE,4.81955,sentinel-2b,0,0,,TRUE,FALSE,FALSE,FALSE,FALSE
ATL03_20220830110512_10621605_007_01.h5,2022-08-30T11:05:12+00:00,2022-08-27T11:05:12+00:00,2022-09-02T11:05:12+00:00,500,S2A_22WEV_20220830_0_L2A,2022-08-30T14:54:15.896000+00:00,3.818,TRUE,5.325564,sentinel-2a,0,0,,TRUE,FALSE,FALSE,FALSE,FALSE
ATL03_20220828224559_10391603_007_01.h5,2022-08-28T22:45:59+00:00,2022-08-25T22:45:59+00:00,2022-08-31T22:45:59+00:00,500,S2B_22WDV_20220828_0_L2A,2022-08-28T15:04:06.818000+00:00,7.698,TRUE,0.075306,sentinel-2b,0,0,,TRUE,FALSE,FALSE,FALSE,FALSE
ATL03_20220819232813_09021603_007_01.h5,2022-08-19T23:28:13+00:00,2022-08-16T23:28:13+00:00,2022-08-22T23:28:13+00:00,500,S2A_22WFV_20220819_0_L2A,2022-08-19T15:23:57.690000+00:00,8.071,TRUE,0.038014,sentinel-2a,0,0,,TRUE,FALSE,FALSE,FALSE,FALSE
ATL03_20220815233633_08411603_007_01.h5,2022-08-15T23:36:33+00:00,2022-08-12T23:36:33+00:00,2022-08-18T23:36:33+00:00,500,S2B_23VNL_20220815_0_L2A,2022-08-15T14:54:39.062000+00:00,8.698,TRUE,0,sentinel-2b,0,0,,TRUE,FALSE,FALSE,FALSE,FALSE
ATL03_20220807235315_07191603_007_01.h5,2022-08-07T23:53:15+00:00,2022-08-04T23:53:15+00:00,2022-08-10T23:53:15+00:00,500,S2A_23VLH_20220807_0_L2A,2022-08-07T14:45:49.466000+00:00,9.124,TRUE,6.069797,sentinel-2a,0,0,,TRUE,FALSE,FALSE,FALSE,FALSE
ATL03_20220603025742_11001503_007_01.h5,2022-06-03T02:57:42+00:00,2022-05-31T02:57:42+00:00,2022-06-06T02:57:42+00:00,500,S2B_23VNH_20220603_0_L2A,2022-06-03T14:45:20.574000+00:00,11.794,TRUE,0,sentinel-2b,0,0,,TRUE,FALSE,FALSE,FALSE,FALSE
ATL03_20220611024058_12221503_007_01.h5,2022-06-11T02:40:58+00:00,2022-06-08T02:40:58+00:00,2022-06-14T02:40:58+00:00,500,S2A_23VMJ_20220611_0_L2A,2022-06-11T14:55:19.944000+00:00,12.239,TRUE,0,sentinel-2a,0,0,,TRUE,FALSE,FALSE,FALSE,FALSE
ATL03_20220607024921_11611503_007_01.h5,2022-06-07T02:49:21+00:00,2022-06-04T02:49:21+00:00,2022-06-10T02:49:21+00:00,500,S2A_23WMP_20220607_0_L2A,2022-06-07T15:14:05.414000+00:00,12.412,TRUE,0,sentinel-2a,0,0,,TRUE,FALSE,FALSE,FALSE,FALSE
ATL03_20220623021609_00181603_007_01.h5,2022-06-23T02:16:09+00:00,2022-06-20T02:16:09+00:00,2022-06-26T02:16:09+00:00,500,S2B_23WMM_20220623_0_L2A,2022-06-23T14:44:41.940000+00:00,12.476,TRUE,0,sentinel-2b,0,0,,TRUE,FALSE,FALSE,FALSE,FALSE
ATL03_20220627020745_00791603_007_01.h5,2022-06-27T02:07:45+00:00,2022-06-24T02:07:45+00:00,2022-06-30T02:07:45+00:00,500,S2A_23WMP_20220627_0_L2A,2022-06-27T15:14:09.857000+00:00,13.107,TRUE,2.671035441,sentinel-2a,0,0,,TRUE,FALSE,FALSE,FALSE,FALSE
ATL03_20220710011708_02771603_007_01.h5,2022-07-10T01:17:08+00:00,2022-07-07T01:17:08+00:00,2022-07-13T01:17:08+00:00,500,S2B_22VFP_20220710_0_L2A,2022-07-10T14:35:31.544000+00:00,13.307,TRUE,2.260819,sentinel-2b,0,0,,TRUE,FALSE,FALSE,FALSE,FALSE
ATL03_20220706012528_02161603_007_01.h5,2022-07-06T01:25:28+00:00,2022-07-03T01:25:28+00:00,2022-07-09T01:25:28+00:00,500,S2B_23VMJ_20220706_0_L2A,2022-07-06T14:55:15.316000+00:00,13.496,TRUE,0.601767,sentinel-2b,0,0,,TRUE,FALSE,FALSE,FALSE,FALSE
ATL03_20220702013345_01551603_007_01.h5,2022-07-02T01:33:45+00:00,2022-06-29T01:33:45+00:00,2022-07-05T01:33:45+00:00,500,S2B_23WMP_20220702_0_L2A,2022-07-02T15:14:02.280000+00:00,13.671,TRUE,1.016211,sentinel-2b,0,0,,TRUE,FALSE,FALSE,FALSE,FALSE
ATL03_20220718010029_03991603_007_01.h5,2022-07-18T01:00:29+00:00,2022-07-15T01:00:29+00:00,2022-07-21T01:00:29+00:00,500,S2A_23VMK_20220718_0_L2A,2022-07-18T14:45:16.644000+00:00,13.747,TRUE,0.794938,sentinel-2a,0,0,,TRUE,FALSE,FALSE,FALSE,FALSE
ATL03_20220628014206_00941603_007_01.h5,2022-06-28T01:42:06+00:00,2022-06-25T01:42:06+00:00,2022-07-01T01:42:06+00:00,500,S2B_22WEA_20220628_0_L2A,2022-06-28T15:33:43.737000+00:00,13.86,TRUE,0.173863,sentinel-2b,0,0,,TRUE,FALSE,FALSE,FALSE,FALSE
ATL03_20220726004352_05211603_007_01.h5,2022-07-26T00:43:52+00:00,2022-07-23T00:43:52+00:00,2022-07-29T00:43:52+00:00,500,S2B_23VMJ_20220726_0_L2A,2022-07-26T14:55:15.366000+00:00,14.19,TRUE,0,sentinel-2b,0,0,,TRUE,FALSE,FALSE,FALSE,FALSE
ATL03_20220731000952_05971603_007_01.h5,2022-07-31T00:09:52+00:00,2022-07-28T00:09:52+00:00,2022-08-03T00:09:52+00:00,500,S2A_23VNL_20220731_0_L2A,2022-07-31T14:54:46.333000+00:00,14.748,TRUE,0,sentinel-2a,0,0,,TRUE,FALSE,FALSE,FALSE,FALSE
ATL03_20220727001811_05361603_007_01.h5,2022-07-27T00:18:11+00:00,2022-07-24T00:18:11+00:00,2022-07-30T00:18:11+00:00,500,S2A_23WMP_20220727_0_L2A,2022-07-27T15:14:06.775000+00:00,14.932,TRUE,0.000431,sentinel-2a,0,0,,TRUE,FALSE,FALSE,FALSE,FALSE
ATL03_20220719131943_04221605_007_01.h5,2022-07-19T13:19:43+00:00,2022-07-16T13:19:43+00:00,2022-07-22T13:19:43+00:00,500,S2B_23WNP_20220719_0_L2A,2022-07-19T15:03:59.296000+00:00,1.738,TRUE,19.097526,sentinel-2b,0,0,,FALSE,FALSE,FALSE,FALSE,FALSE
ATL03_20220809121228_07421605_007_01.h5,2022-08-09T12:12:28+00:00,2022-08-06T12:12:28+00:00,2022-08-12T12:12:28+00:00,500,S2B_23VNH_20220809_0_L2A,2022-08-09T14:35:33.702000+00:00,2.385,TRUE,12.770921,sentinel-2b,0,0,,FALSE,FALSE,FALSE,FALSE,FALSE
ATL03_20220805122049_06811605_007_01.h5,2022-08-05T12:20:49+00:00,2022-08-02T12:20:49+00:00,2022-08-08T12:20:49+00:00,500,S2B_23VMJ_20220805_0_L2A,2022-08-05T14:55:14.724000+00:00,2.574,TRUE,12.489563,sentinel-2b,0,0,,FALSE,FALSE,FALSE,FALSE,FALSE
ATL03_20220811234454_07801603_007_01.h5,2022-08-11T23:44:54+00:00,2022-08-08T23:44:54+00:00,2022-08-14T23:44:54+00:00,500,S2B_22WES_20220811_0_L2A,2022-08-11T15:14:42.976000+00:00,8.503,TRUE,13.22953,sentinel-2b,0,0,,FALSE,FALSE,FALSE,FALSE,FALSE
ATL03_20220619022422_13441503_007_01.h5,2022-06-19T02:24:22+00:00,2022-06-16T02:24:22+00:00,2022-06-22T02:24:22+00:00,500,S2B_22WFB_20220619_0_L2A,2022-06-19T15:03:31.728000+00:00,12.653,TRUE,18.945163,sentinel-2b,0,0,,FALSE,FALSE,FALSE,FALSE,FALSE
ATL03_20220612150013_12451505_007_01.h5,2022-06-12T15:00:13+00:00,2022-06-09T15:00:13+00:00,2022-06-15T15:00:13+00:00,500,,,,FALSE,,,0,0,,FALSE,FALSE,FALSE,FALSE,FALSE
ATL03_20220615023239_12831503_007_01.h5,2022-06-15T02:32:39+00:00,2022-06-12T02:32:39+00:00,2022-06-18T02:32:39+00:00,0,,,,FALSE,,,0,0,,FALSE,FALSE,FALSE,FALSE,FALSE
ATL03_20220620144339_13671505_007_01.h5,2022-06-20T14:43:39+00:00,2022-06-17T14:43:39+00:00,2022-06-23T14:43:39+00:00,500,,,,FALSE,,,0,0,,FALSE,FALSE,FALSE,FALSE,FALSE
ATL03_20220624143518_00411605_007_01.h5,2022-06-24T14:35:18+00:00,2022-06-21T14:35:18+00:00,2022-06-27T14:35:18+00:00,500,,,,FALSE,,,0,0,,FALSE,FALSE,FALSE,FALSE,FALSE
ATL03_20220629140122_01171605_007_01.h5,2022-06-29T14:01:22+00:00,2022-06-26T14:01:22+00:00,2022-07-02T14:01:22+00:00,500,,,,FALSE,,,0,0,,FALSE,FALSE,FALSE,FALSE,FALSE
ATL03_20220707134442_02391605_007_01.h5,2022-07-07T13:44:42+00:00,2022-07-04T13:44:42+00:00,2022-07-10T13:44:42+00:00,500,,,,FALSE,,,0,0,,FALSE,FALSE,FALSE,FALSE,FALSE
ATL03_20220722005209_04601603_007_01.h5,2022-07-22T00:52:09+00:00,2022-07-19T00:52:09+00:00,2022-07-25T00:52:09+00:00,0,,,,FALSE,,,0,0,,FALSE,FALSE,FALSE,FALSE,FALSE
ATL03_20220723131125_04831605_007_01.h5,2022-07-23T13:11:25+00:00,2022-07-20T13:11:25+00:00,2022-07-26T13:11:25+00:00,0,,,,FALSE,,,0,0,,FALSE,FALSE,FALSE,FALSE,FALSE
ATL03_20220804000134_06581603_007_01.h5,2022-08-04T00:01:34+00:00,2022-08-01T00:01:34+00:00,2022-08-07T00:01:34+00:00,500,,,,FALSE,,,0,0,,FALSE,FALSE,FALSE,FALSE,FALSE
ATL03_20220804124627_06661605_007_01.h5,2022-08-04T12:46:27+00:00,2022-08-01T12:46:27+00:00,2022-08-07T12:46:27+00:00,500,,,,FALSE,,,0,0,,FALSE,FALSE,FALSE,FALSE,FALSE
ATL03_20220823231957_09631603_007_01.h5,2022-08-23T23:19:57+00:00,2022-08-20T23:19:57+00:00,2022-08-26T23:19:57+00:00,500,,,,FALSE,,,0,0,,FALSE,FALSE,FALSE,FALSE,FALSE
ATL03_20220827231139_10241603_007_01.h5,2022-08-27T23:11:39+00:00,2022-08-24T23:11:39+00:00,2022-08-30T23:11:39+00:00,0,,,,FALSE,,,0,0,,FALSE,FALSE,FALSE,FALSE,FALSE
ATL03_20220829113052_10471605_007_01.h5,2022-08-29T11:30:52+00:00,2022-08-26T11:30:52+00:00,2022-09-01T11:30:52+00:00,500,,,,FALSE,,,0,0,,FALSE,FALSE,FALSE,FALSE,FALSE
